full_name,team_name,player_position,current_fpl_cost,playing_time_min_percentage,xg_per_90,xag_per_90,yellows_per_90,reds_per_90,clearances_blocks_interceptions_per_90,tackles_per_90,team_xg_per_90,team_xg_against_per_90,opponent_xg_per_90,opponent_xg_against_per_90,opponent_league_position,gameweek,is_at_home,team_league_position
David Raya Martín,Arsenal,Goalkeeper,59,100.0,0.0,0.0,0.04,0.0,0.83,0.04,1.99,0.81,1.54,1.38,16,24,0,1
Gabriel dos Santos Magalhães,Arsenal,Defender,69,94.58,0.19,0.11,0.06,0.0,7.47,1.0,1.99,0.81,1.54,1.38,16,24,0,1
William Saliba,Arsenal,Defender,60,89.42,0.03,0.02,0.0,0.0,4.81,1.17,1.99,0.81,1.54,1.38,16,24,0,1
Riccardo Calafiori,Arsenal,Defender,56,90.14,0.16,0.03,0.35,0.0,4.08,2.01,1.99,0.81,1.54,1.38,16,24,0,1
Jurriën Timber,Arsenal,Defender,63,92.58,0.15,0.07,0.15,0.0,2.97,2.37,1.99,0.81,1.54,1.38,16,24,0,1
Benjamin White,Arsenal,Defender,51,64.44,0.06,0.25,0.0,0.0,5.06,2.86,1.99,0.81,1.54,1.38,16,24,0,1
Bukayo Saka,Arsenal,Midfielder,100,82.17,0.38,0.34,0.06,0.0,0.64,1.52,1.99,0.81,1.54,1.38,16,24,0,1
Martin Ødegaard,Arsenal,Midfielder,78,64.18,0.1,0.27,0.0,0.0,1.19,1.46,1.99,0.81,1.54,1.38,16,24,0,1
Leandro Trossard,Arsenal,Midfielder,68,74.21,0.36,0.19,0.07,0.0,1.01,1.01,1.99,0.81,1.54,1.38,16,24,0,1
Declan Rice,Arsenal,Midfielder,74,95.1,0.17,0.23,0.1,0.0,3.84,1.87,1.99,0.81,1.54,1.38,16,24,0,1
Martín Zubimendi Ibáñez,Arsenal,Midfielder,52,93.48,0.08,0.04,0.19,0.0,3.78,1.89,1.99,0.81,1.54,1.38,16,24,0,1
Eberechi Eze,Arsenal,Midfielder,73,66.42,0.17,0.17,0.08,0.0,1.2,1.03,1.99,0.81,1.54,1.38,16,24,0,1
Viktor Gyökeres,Arsenal,Forward,87,74.44,0.44,0.09,0.19,0.0,0.92,0.26,1.99,0.81,1.54,1.38,16,24,0,1
Piero Hincapié,Arsenal,Defender,51,81.28,0.0,0.04,0.19,0.0,6.18,1.9,1.99,0.81,1.54,1.38,16,24,0,1
Emiliano Martínez Romero,Aston Villa,Goalkeeper,50,97.49,0.0,0.0,0.05,0.0,0.81,0.0,1.39,1.57,1.86,1.39,8,24,1,3
Marco Bizot,Aston Villa,Goalkeeper,42,89.56,0.0,0.0,0.22,0.0,1.33,0.0,1.39,1.57,1.86,1.39,8,24,1,3
Matty Cash,Aston Villa,Defender,48,99.14,0.04,0.11,0.23,0.0,4.01,1.66,1.39,1.57,1.86,1.39,8,24,1,3
Lucas Digne,Aston Villa,Defender,45,62.22,0.04,0.14,0.22,0.0,3.38,1.54,1.39,1.57,1.86,1.39,8,24,1,3
Ezri Konsa Ngoyo,Aston Villa,Defender,44,98.79,0.02,0.03,0.0,0.05,5.34,0.64,1.39,1.57,1.86,1.39,8,24,1,3
Tyrone Mings,Aston Villa,Defender,43,70.0,0.05,0.03,0.0,0.0,7.38,0.35,1.39,1.57,1.86,1.39,8,24,1,3
Pau Torres,Aston Villa,Defender,43,89.29,0.05,0.0,0.0,0.0,5.4,1.37,1.39,1.57,1.86,1.39,8,24,1,3
Morgan Rogers,Aston Villa,Midfielder,77,99.52,0.17,0.2,0.17,0.0,1.32,1.1,1.39,1.57,1.86,1.39,8,24,1,3
Youri Tielemans,Aston Villa,Midfielder,59,85.1,0.11,0.18,0.0,0.0,2.29,2.64,1.39,1.57,1.86,1.39,8,24,1,3
John McGinn,Aston Villa,Midfielder,54,83.99,0.13,0.11,0.16,0.0,1.64,1.53,1.39,1.57,1.86,1.39,8,24,1,3
Boubacar Kamara,Aston Villa,Midfielder,49,88.52,0.07,0.05,0.31,0.0,2.94,2.43,1.39,1.57,1.86,1.39,8,24,1,3
Amadou Onana,Aston Villa,Midfielder,48,74.74,0.07,0.03,0.18,0.0,5.45,2.77,1.39,1.57,1.86,1.39,8,24,1,3
Ollie Watkins,Aston Villa,Forward,88,85.99,0.54,0.07,0.05,0.0,0.72,0.78,1.39,1.57,1.86,1.39,8,24,1,3
Kyle Walker,Burnley,Defender,44,99.44,0.0,0.06,0.32,0.0,4.9,1.56,0.96,2.24,1.02,1.63,10,24,0,19
Hjalmar Ekdal,Burnley,Defender,39,87.78,0.04,0.01,0.0,0.0,8.63,1.45,0.96,2.24,1.02,1.63,10,24,0,19
Maxime Estève,Burnley,Defender,39,94.83,0.01,0.04,0.0,0.0,8.79,1.22,0.96,2.24,1.02,1.63,10,24,0,19
Quilindschy Hartman,Burnley,Defender,40,99.7,0.01,0.12,0.07,0.0,4.91,2.09,0.96,2.24,1.02,1.63,10,24,0,19
Bashir Humphreys,Burnley,Defender,39,83.65,0.03,0.0,0.34,0.0,7.34,1.88,0.96,2.24,1.02,1.63,10,24,0,19
Lucas Pires Silva,Burnley,Defender,38,83.46,0.05,0.03,0.0,0.13,4.36,2.11,0.96,2.24,1.02,1.63,10,24,0,19
Axel Tuanzebe,Burnley,Defender,39,98.78,0.06,0.0,0.1,0.0,8.23,1.12,0.96,2.24,1.02,1.63,10,24,0,19
Jaidon Anthony,Burnley,Midfielder,50,73.84,0.19,0.09,0.18,0.0,1.82,1.64,0.96,2.24,1.02,1.63,10,24,0,19
Josh Cullen,Burnley,Midfielder,49,94.63,0.06,0.11,0.12,0.0,4.04,1.9,0.96,2.24,1.02,1.63,10,24,0,19
Lyle Foster,Burnley,Forward,49,65.21,0.25,0.08,0.29,0.0,1.77,0.98,0.96,2.24,1.02,1.63,10,24,0,19
Martin Dúbravka,Burnley,Goalkeeper,40,100.0,0.0,0.0,0.0,0.0,2.04,0.0,0.96,2.24,1.02,1.63,10,24,0,19
James Ward-Prowse,Burnley,Midfielder,56,92.67,0.02,0.31,0.0,0.0,1.96,0.87,0.96,2.24,1.02,1.63,10,24,0,19
Lesley Ugochukwu,Burnley,Midfielder,50,75.4,0.14,0.02,0.0,0.06,2.66,2.29,0.96,2.24,1.02,1.63,10,24,0,19
Florentino Ibrain Morris Luís,Burnley,Midfielder,50,87.31,0.06,0.03,0.18,0.0,4.41,4.29,0.96,2.24,1.02,1.63,10,24,0,19
Đorđe Petrović,Bournemouth,Goalkeeper,45,100.0,0.0,0.0,0.09,0.0,1.96,0.0,1.75,1.43,0.88,1.56,20,24,0,13
Marcos Senesi Barón,Bournemouth,Defender,48,98.38,0.06,0.14,0.32,0.0,11.15,1.9,1.75,1.43,0.88,1.56,20,24,0,13
Adrien Truffert,Bournemouth,Defender,45,98.6,0.02,0.05,0.13,0.0,5.41,2.93,1.75,1.43,0.88,1.56,20,24,0,13
Marcus Tavernier,Bournemouth,Midfielder,54,90.51,0.24,0.14,0.15,0.0,2.25,1.38,1.75,1.43,0.88,1.56,20,24,0,13
Tyler Adams,Bournemouth,Midfielder,49,90.81,0.06,0.01,0.37,0.0,3.76,2.63,1.75,1.43,0.88,1.56,20,24,0,13
Lewis Cook,Bournemouth,Midfielder,49,60.37,0.01,0.02,0.14,0.14,6.22,2.78,1.75,1.43,0.88,1.56,20,24,0,13
Alex Scott,Bournemouth,Midfielder,50,79.95,0.08,0.06,0.11,0.0,4.31,1.76,1.75,1.43,0.88,1.56,20,24,0,13
Francisco Evanilson de Lima Barbosa,Bournemouth,Forward,70,86.14,0.44,0.1,0.06,0.0,1.02,0.34,1.75,1.43,0.88,1.56,20,24,0,13
Bafodé Diakité,Bournemouth,Defender,42,83.33,0.0,0.01,0.07,0.0,6.85,1.41,1.75,1.43,0.88,1.56,20,24,0,13
Álex Jiménez Sánchez,Bournemouth,Defender,45,79.3,0.06,0.06,0.33,0.0,3.26,2.24,1.75,1.43,0.88,1.56,20,24,0,13
Dango Ouattara,Brentford,Midfielder,58,75.1,0.4,0.16,0.23,0.0,3.59,1.04,1.86,1.39,1.39,1.57,3,24,0,8
Caoimhín Kelleher,Brentford,Goalkeeper,46,100.0,0.0,0.0,0.04,0.0,1.22,0.04,1.86,1.39,1.39,1.57,3,24,0,8
Nathan Collins,Brentford,Defender,50,96.28,0.1,0.08,0.18,0.0,9.33,1.04,1.86,1.39,1.39,1.57,3,24,0,8
Kristoffer Ajer,Brentford,Defender,44,71.44,0.08,0.06,0.08,0.0,7.79,1.97,1.86,1.39,1.39,1.57,3,24,0,8
Michael Kayode,Brentford,Defender,45,97.63,0.01,0.09,0.22,0.0,4.41,2.03,1.86,1.39,1.39,1.57,3,24,0,8
Ethan Pinnock,Brentford,Defender,42,88.89,0.0,0.0,0.38,0.0,9.87,1.58,1.86,1.39,1.39,1.57,3,24,0,8
Sepp van den Berg,Brentford,Defender,45,97.78,0.13,0.03,0.06,0.0,8.53,0.68,1.86,1.39,1.39,1.57,3,24,0,8
Kevin Schade,Brentford,Midfielder,72,93.18,0.39,0.19,0.29,0.0,2.13,1.49,1.86,1.39,1.39,1.57,3,24,0,8
Mikkel Damsgaard,Brentford,Midfielder,57,72.83,0.1,0.32,0.0,0.0,1.91,2.48,1.86,1.39,1.39,1.57,3,24,0,8
Jordan Henderson,Brentford,Midfielder,50,72.38,0.04,0.17,0.26,0.0,2.52,1.26,1.86,1.39,1.39,1.57,3,24,0,8
Gustavo Nunes Fernandes Gomes,Brentford,Midfielder,49,89.29,0.03,0.04,0.36,0.0,0.0,0.0,1.86,1.39,1.39,1.57,3,24,0,8
Yehor Yarmoliuk,Brentford,Midfielder,50,85.56,0.07,0.06,0.25,0.0,2.44,2.44,1.86,1.39,1.39,1.57,3,24,0,8
Igor Thiago Nascimento Rodrigues,Brentford,Forward,72,93.82,0.76,0.11,0.19,0.0,2.14,0.89,1.86,1.39,1.39,1.57,3,24,0,8
Bart Verbruggen,Brighton,Goalkeeper,45,100.0,0.0,0.0,0.13,0.0,0.87,0.04,1.56,1.61,1.22,1.54,11,24,1,12
Lewis Dunk,Brighton,Defender,45,97.47,0.03,0.02,0.37,0.0,6.37,1.07,1.56,1.61,1.22,1.54,11,24,1,12
Ferdi Kadıoğlu,Brighton,Defender,44,90.66,0.06,0.05,0.2,0.0,3.03,1.87,1.56,1.61,1.22,1.54,11,24,1,12
Jan Paul van Hecke,Brighton,Defender,45,100.0,0.11,0.02,0.27,0.0,6.86,1.45,1.56,1.61,1.22,1.54,11,24,1,12
Joël Veltman,Brighton,Defender,43,61.11,0.13,0.03,0.41,0.0,6.42,3.61,1.56,1.61,1.22,1.54,11,24,1,12
Mitoma Kaoru,Brighton,Midfielder,61,78.8,0.15,0.25,0.2,0.0,1.17,0.68,1.56,1.61,1.22,1.54,11,24,1,12
Georginio Rutter,Brighton,Midfielder,56,73.23,0.15,0.2,0.13,0.0,1.98,1.32,1.56,1.61,1.22,1.54,11,24,1,12
Yankuba Minteh,Brighton,Midfielder,58,84.5,0.17,0.21,0.0,0.0,1.14,1.88,1.56,1.61,1.22,1.54,11,24,1,12
Matt O'Riley,Brighton,Midfielder,55,99.44,0.57,0.08,0.0,0.0,1.53,2.03,1.56,1.61,1.22,1.54,11,24,1,12
Yasin Ayari,Brighton,Midfielder,48,89.56,0.11,0.05,0.0,0.0,2.52,2.29,1.56,1.61,1.22,1.54,11,24,1,12
Carlos Baleba,Brighton,Midfielder,45,64.2,0.03,0.01,0.35,0.0,3.52,1.98,1.56,1.61,1.22,1.54,11,24,1,12
Diego Gómez Amarilla,Brighton,Midfielder,49,77.3,0.29,0.09,0.31,0.0,1.91,3.25,1.56,1.61,1.22,1.54,11,24,1,12
Mats Wieffer,Brighton,Midfielder,49,82.15,0.09,0.21,0.3,0.0,5.34,3.59,1.56,1.61,1.22,1.54,11,24,1,12
Danny Welbeck,Brighton,Forward,62,64.95,0.54,0.03,0.28,0.0,1.27,0.85,1.56,1.61,1.22,1.54,11,24,1,12
Pascal Groß,Brighton,Midfielder,55,79.17,0.08,0.31,0.32,0.0,2.83,0.94,1.56,1.61,1.22,1.54,11,24,1,12
Robert Lynch Sánchez,Chelsea,Goalkeeper,49,95.66,0.0,0.04,0.14,0.05,0.9,0.0,1.94,1.52,1.23,1.96,18,24,1,5
Filip Jörgensen,Chelsea,Goalkeeper,43,97.22,0.0,0.0,0.0,0.0,1.03,0.0,1.94,1.52,1.23,1.96,18,24,1,5
Marc Cucurella Saseta,Chelsea,Defender,60,91.22,0.03,0.12,0.21,0.05,4.59,2.06,1.94,1.52,1.23,1.96,18,24,1,5
Reece James,Chelsea,Defender,57,75.91,0.06,0.2,0.24,0.0,3.84,2.36,1.94,1.52,1.23,1.96,18,24,1,5
Trevoh Chalobah,Chelsea,Defender,57,97.47,0.06,0.01,0.14,0.05,7.55,1.41,1.94,1.52,1.23,1.96,18,24,1,5
Malo Gusto,Chelsea,Defender,49,68.94,0.11,0.11,0.07,0.07,3.29,2.26,1.94,1.52,1.23,1.96,18,24,1,5
Benoît Badiashile Mukinayi,Chelsea,Defender,44,67.78,0.0,0.0,0.42,0.0,7.41,1.27,1.94,1.52,1.23,1.96,18,24,1,5
Wesley Fofana,Chelsea,Defender,44,75.0,0.02,0.0,0.22,0.0,11.39,1.45,1.94,1.52,1.23,1.96,18,24,1,5
Tosin Adarabioyo,Chelsea,Defender,40,71.21,0.01,0.05,0.26,0.0,9.46,1.66,1.94,1.52,1.23,1.96,18,24,1,5
Cole Palmer,Chelsea,Midfielder,104,72.5,0.35,0.03,0.23,0.0,1.55,1.31,1.94,1.52,1.23,1.96,18,24,1,5
Pedro Lomba Neto,Chelsea,Midfielder,71,88.16,0.2,0.24,0.1,0.0,0.75,0.7,1.94,1.52,1.23,1.96,18,24,1,5
Enzo Fernández,Chelsea,Midfielder,67,95.51,0.43,0.27,0.24,0.0,1.58,1.97,1.94,1.52,1.23,1.96,18,24,1,5
Moisés Caicedo Corozo,Chelsea,Midfielder,57,92.9,0.07,0.05,0.36,0.06,3.89,3.11,1.94,1.52,1.23,1.96,18,24,1,5
João Pedro Junqueira de Jesus,Chelsea,Forward,72,82.27,0.4,0.18,0.11,0.0,1.61,0.86,1.94,1.52,1.23,1.96,18,24,1,5
Alejandro Garnacho Ferreyra,Chelsea,Midfielder,64,67.22,0.33,0.29,0.11,0.0,0.66,0.77,1.94,1.52,1.23,1.96,18,24,1,5
Dean Henderson,Crystal Palace,Goalkeeper,50,100.0,0.0,0.0,0.09,0.0,1.39,0.0,1.72,1.57,1.12,1.67,17,24,0,15
Daniel Muñoz Mejía,Crystal Palace,Defender,58,99.11,0.13,0.18,0.27,0.0,4.99,2.22,1.72,1.57,1.12,1.67,17,24,0,15
Maxence Lacroix,Crystal Palace,Defender,51,100.0,0.1,0.05,0.13,0.0,8.61,1.91,1.72,1.57,1.12,1.67,17,24,0,15
Tyrick Mitchell,Crystal Palace,Defender,50,98.89,0.05,0.06,0.22,0.0,4.37,2.87,1.72,1.57,1.12,1.67,17,24,0,15
Chris Richards,Crystal Palace,Defender,44,99.65,0.03,0.02,0.05,0.0,8.46,2.22,1.72,1.57,1.12,1.67,17,24,0,15
Nathaniel Clyne,Crystal Palace,Defender,38,69.52,0.06,0.14,0.0,0.0,4.74,2.58,1.72,1.57,1.12,1.67,17,24,0,15
Ismaïla Sarr,Crystal Palace,Midfielder,63,95.04,0.42,0.15,0.08,0.0,2.21,0.9,1.72,1.57,1.12,1.67,17,24,0,15
Daichi Kamada,Crystal Palace,Midfielder,50,94.84,0.05,0.06,0.08,0.0,1.78,3.01,1.72,1.57,1.12,1.67,17,24,0,15
Adam Wharton,Crystal Palace,Midfielder,50,93.44,0.04,0.19,0.15,0.05,2.45,2.66,1.72,1.57,1.12,1.67,17,24,0,15
Jean-Philippe Mateta,Crystal Palace,Forward,75,93.62,0.6,0.05,0.09,0.0,2.41,0.38,1.72,1.57,1.12,1.67,17,24,0,15
Yéremy Pino Santos,Crystal Palace,Midfielder,58,80.05,0.22,0.32,0.18,0.0,1.35,1.66,1.72,1.57,1.12,1.67,17,24,0,15
Kiernan Dewsbury-Hall,Everton,Midfielder,49,90.97,0.11,0.2,0.34,0.0,1.94,1.94,1.22,1.54,1.56,1.61,12,24,0,11
Jordan Pickford,Everton,Goalkeeper,56,100.0,0.0,0.0,0.0,0.0,1.48,0.04,1.22,1.54,1.56,1.61,12,24,0,11
James Tarkowski,Everton,Defender,58,100.0,0.05,0.06,0.17,0.0,9.74,1.48,1.22,1.54,1.56,1.61,12,24,0,11
Vitalii Mykolenko,Everton,Defender,49,99.83,0.01,0.03,0.2,0.0,5.67,1.35,1.22,1.54,1.56,1.61,12,24,0,11
Jake O'Brien,Everton,Defender,49,94.25,0.02,0.02,0.05,0.0,5.43,1.53,1.22,1.54,1.56,1.61,12,24,0,11
Michael Keane,Everton,Defender,47,98.25,0.16,0.01,0.0,0.05,9.29,1.13,1.22,1.54,1.56,1.61,12,24,0,11
Iliman Ndiaye,Everton,Midfielder,62,95.1,0.19,0.19,0.12,0.0,1.13,2.32,1.22,1.54,1.56,1.61,12,24,0,11
Idrissa Gana Gueye,Everton,Midfielder,54,91.51,0.11,0.07,0.0,0.08,2.29,2.45,1.22,1.54,1.56,1.61,12,24,0,11
James Garner,Everton,Midfielder,52,99.86,0.08,0.16,0.22,0.0,4.1,2.92,1.22,1.54,1.56,1.61,12,24,0,11
Tim Iroegbunam,Everton,Midfielder,48,60.92,0.03,0.17,0.68,0.0,2.63,4.19,1.22,1.54,1.56,1.61,12,24,0,11
Thierno Barry,Everton,Forward,57,63.0,0.36,0.03,0.14,0.0,1.63,0.14,1.22,1.54,1.56,1.61,12,24,0,11
Jack Grealish,Everton,Midfielder,64,91.39,0.17,0.25,0.11,0.05,1.49,1.11,1.22,1.54,1.56,1.61,12,24,0,11
Bernd Leno,Fulham,Goalkeeper,49,100.0,0.0,0.0,0.13,0.0,1.3,0.09,1.15,1.58,1.96,1.32,4,24,0,7
Antonee Robinson,Fulham,Defender,49,72.73,0.02,0.07,0.0,0.0,4.92,3.08,1.15,1.58,1.96,1.32,4,24,0,7
Joachim Andersen,Fulham,Defender,46,97.53,0.04,0.02,0.19,0.0,9.51,1.35,1.15,1.58,1.96,1.32,4,24,0,7
Calvin Bassey,Fulham,Defender,44,93.89,0.05,0.0,0.2,0.0,5.9,2.05,1.15,1.58,1.96,1.32,4,24,0,7
Jorge Cuenca Barreno,Fulham,Defender,43,85.22,0.01,0.01,0.47,0.0,9.56,1.55,1.15,1.58,1.96,1.32,4,24,0,7
Kenny Tete,Fulham,Defender,45,94.17,0.03,0.05,0.13,0.0,5.01,3.41,1.15,1.58,1.96,1.32,4,24,0,7
Alex Iwobi,Fulham,Midfielder,63,95.42,0.06,0.12,0.12,0.0,1.27,1.14,1.15,1.58,1.96,1.32,4,24,0,7
Ryan Sessegnon,Fulham,Midfielder,54,85.83,0.09,0.1,0.0,0.0,4.95,2.0,1.15,1.58,1.96,1.32,4,24,0,7
Harry Wilson,Fulham,Midfielder,61,87.47,0.18,0.17,0.31,0.0,2.26,1.02,1.15,1.58,1.96,1.32,4,24,0,7
Sander Berge,Fulham,Midfielder,49,92.66,0.01,0.07,0.19,0.0,3.03,1.75,1.15,1.58,1.96,1.32,4,24,0,7
Saša Lukić,Fulham,Midfielder,49,71.05,0.14,0.11,0.44,0.0,3.2,2.61,1.15,1.58,1.96,1.32,4,24,0,7
Raúl Jiménez Rodríguez,Fulham,Forward,62,75.86,0.41,0.09,0.24,0.0,1.82,1.09,1.15,1.58,1.96,1.32,4,24,0,7
Karl Darlow,Leeds,Goalkeeper,39,100.0,0.0,0.0,0.0,0.0,1.29,0.0,1.54,1.38,1.99,0.81,1,24,1,16
Jayden Bogle,Leeds,Defender,44,93.7,0.07,0.06,0.2,0.0,3.39,2.06,1.54,1.38,1.99,0.81,1,24,1,16
Pascal Struijk,Leeds,Defender,43,95.45,0.11,0.03,0.15,0.0,8.01,1.14,1.54,1.38,1.99,0.81,1,24,1,16
Jaka Bijol,Leeds,Defender,39,91.76,0.04,0.07,0.09,0.0,7.88,1.28,1.54,1.38,1.99,0.81,1,24,1,16
Gabriel Gudmundsson,Leeds,Defender,38,93.13,0.03,0.11,0.1,0.0,4.08,2.36,1.54,1.38,1.99,0.81,1,24,1,16
Joe Rodon,Leeds,Defender,39,96.83,0.06,0.01,0.05,0.0,6.93,1.08,1.54,1.38,1.99,0.81,1,24,1,16
Brenden Aaronson,Leeds,Midfielder,54,72.88,0.28,0.24,0.06,0.0,1.33,2.29,1.54,1.38,1.99,0.81,1,24,1,16
Ethan Ampadu,Leeds,Midfielder,49,98.89,0.07,0.04,0.35,0.0,4.32,2.44,1.54,1.38,1.99,0.81,1,24,1,16
Ilia Gruev,Leeds,Midfielder,47,62.54,0.01,0.04,0.23,0.0,1.92,1.81,1.54,1.38,1.99,0.81,1,24,1,16
Sean Longstaff,Leeds,Midfielder,48,75.9,0.07,0.24,0.1,0.0,2.35,3.57,1.54,1.38,1.99,0.81,1,24,1,16
Anton Stach,Leeds,Midfielder,49,90.5,0.12,0.25,0.17,0.0,3.07,2.29,1.54,1.38,1.99,0.81,1,24,1,16
Lucas Estella Perri,Leeds,Goalkeeper,45,100.0,0.0,0.0,0.12,0.0,1.0,0.0,1.54,1.38,1.99,0.81,1,24,1,16
Dominic Calvert-Lewin,Leeds,Forward,60,79.05,0.59,0.08,0.06,0.0,0.79,0.54,1.54,1.38,1.99,0.81,1,24,1,16
Noah Okafor,Leeds,Midfielder,55,63.39,0.24,0.1,0.16,0.0,1.63,1.38,1.54,1.38,1.99,0.81,1,24,1,16
Alisson Becker,Liverpool,Goalkeeper,54,100.0,0.0,0.0,0.0,0.0,1.44,0.0,1.73,1.34,1.64,1.17,9,24,1,6
Giorgi Mamardashvili,Liverpool,Goalkeeper,42,100.0,0.0,0.0,0.0,0.0,1.4,0.0,1.73,1.34,1.64,1.17,9,24,1,6
Milos Kerkez,Liverpool,Defender,56,78.43,0.05,0.08,0.23,0.0,4.22,1.99,1.73,1.34,1.64,1.17,9,24,1,6
Virgil van Dijk,Liverpool,Defender,59,100.0,0.06,0.01,0.13,0.0,8.74,0.7,1.73,1.34,1.64,1.17,9,24,1,6
Ibrahima Konaté,Liverpool,Defender,54,96.06,0.06,0.03,0.24,0.0,7.48,1.49,1.73,1.34,1.64,1.17,9,24,1,6
Conor Bradley,Liverpool,Defender,50,71.26,0.02,0.11,0.47,0.0,4.46,1.84,1.73,1.34,1.64,1.17,9,24,1,6
Mohamed Salah,Liverpool,Midfielder,140,94.59,0.38,0.22,0.07,0.0,0.49,0.21,1.73,1.34,1.64,1.17,9,24,1,6
Florian Wirtz,Liverpool,Midfielder,83,82.27,0.26,0.16,0.06,0.0,0.8,1.36,1.73,1.34,1.64,1.17,9,24,1,6
Cody Gakpo,Liverpool,Midfielder,73,78.94,0.37,0.29,0.06,0.0,1.27,0.66,1.73,1.34,1.64,1.17,9,24,1,6
Alexis Mac Allister,Liverpool,Midfielder,62,75.2,0.12,0.09,0.18,0.0,2.29,1.48,1.73,1.34,1.64,1.17,9,24,1,6
Dominik Szoboszlai,Liverpool,Midfielder,66,99.8,0.15,0.16,0.23,0.0,2.46,1.37,1.73,1.34,1.64,1.17,9,24,1,6
Ryan Gravenberch,Liverpool,Midfielder,57,98.2,0.05,0.07,0.19,0.0,3.21,1.7,1.73,1.34,1.64,1.17,9,24,1,6
Hugo Ekitiké,Liverpool,Forward,88,70.89,0.53,0.11,0.0,0.0,1.66,0.5,1.73,1.34,1.64,1.17,9,24,1,6
Antoine Semenyo,Man City,Midfielder,78,100.0,0.38,0.12,0.27,0.0,1.5,1.36,1.96,1.2,,,14,24,0,2
James Trafford,Man City,Goalkeeper,45,100.0,0.0,0.0,0.0,0.0,2.0,0.67,1.96,1.2,,,14,24,0,2
Marc Guéhi,Man City,Defender,52,100.0,0.13,0.09,0.19,0.0,6.62,1.43,1.96,1.2,,,14,24,0,2
Joško Gvardiol,Man City,Defender,59,90.76,0.13,0.03,0.14,0.0,5.67,1.18,1.96,1.2,,,14,24,0,2
Abdukodir Khusanov,Man City,Defender,54,69.38,0.0,0.02,0.16,0.0,6.12,2.42,1.96,1.2,,,14,24,0,2
Matheus Nunes,Man City,Defender,54,92.5,0.03,0.09,0.22,0.0,4.97,2.27,1.96,1.2,,,14,24,0,2
Rúben dos Santos Gato Alves Dias,Man City,Defender,55,94.67,0.02,0.01,0.11,0.0,6.6,0.37,1.96,1.2,,,14,24,0,2
Nico O'Reilly,Man City,Defender,50,81.21,0.13,0.15,0.22,0.0,4.08,2.74,1.96,1.2,,,14,24,0,2
Phil Foden,Man City,Midfielder,84,87.41,0.29,0.23,0.16,0.0,1.1,1.32,1.96,1.2,,,14,24,0,2
Bernardo Mota Veiga de Carvalho e Silva,Man City,Midfielder,62,81.55,0.05,0.15,0.21,0.0,2.06,1.25,1.96,1.2,,,14,24,0,2
Jérémy Doku,Man City,Midfielder,64,66.11,0.2,0.39,0.0,0.0,0.76,1.15,1.96,1.2,,,14,24,0,2
Rodrigo 'Rodri' Hernandez Cascante,Man City,Midfielder,63,62.42,0.01,0.11,0.15,0.0,3.27,2.84,1.96,1.2,,,14,24,0,2
Nico González Iglesias,Man City,Midfielder,59,79.06,0.03,0.05,0.27,0.0,4.26,2.23,1.96,1.2,,,14,24,0,2
Tijjani Reijnders,Man City,Midfielder,52,71.97,0.24,0.19,0.13,0.0,1.67,0.51,1.96,1.2,,,14,24,0,2
Erling Haaland,Man City,Forward,150,93.77,0.94,0.15,0.0,0.0,1.6,0.52,1.96,1.2,,,14,24,0,2
Gianluigi Donnarumma,Man City,Goalkeeper,56,100.0,0.0,0.0,0.25,0.0,1.35,0.0,1.96,1.2,,,14,24,0,2
Max Alleyne,Man City,Defender,43,76.67,0.25,0.02,0.0,0.0,5.33,2.0,1.96,1.2,,,14,24,0,2
Bryan Mbeumo,Man Utd,Midfielder,83,96.73,0.45,0.18,0.17,0.0,0.58,0.82,1.96,1.32,1.15,1.58,7,24,1,4
Altay Bayındır,Man Utd,Goalkeeper,47,100.0,0.0,0.05,0.0,0.0,1.17,0.0,1.96,1.32,1.15,1.58,7,24,1,4
Matthijs de Ligt,Man Utd,Defender,49,100.0,0.1,0.03,0.0,0.0,6.77,1.46,1.96,1.32,1.15,1.58,7,24,1,4
Lisandro Martínez,Man Utd,Defender,48,62.53,0.01,0.06,0.0,0.0,6.81,0.99,1.96,1.32,1.15,1.58,7,24,1,4
Diogo Dalot Teixeira,Man Utd,Defender,45,84.39,0.08,0.11,0.17,0.0,4.38,1.65,1.96,1.32,1.15,1.58,7,24,1,4
Patrick Dorgu,Man Utd,Defender,44,67.02,0.14,0.18,0.34,0.0,3.25,3.18,1.96,1.32,1.15,1.58,7,24,1,4
Luke Shaw,Man Utd,Defender,45,97.87,0.0,0.05,0.18,0.0,3.65,2.16,1.96,1.32,1.15,1.58,7,24,1,4
Leny Yoro,Man Utd,Defender,42,60.53,0.06,0.01,0.0,0.0,5.72,1.75,1.96,1.32,1.15,1.58,7,24,1,4
Ayden Heaven,Man Utd,Defender,38,64.95,0.03,0.05,0.14,0.0,7.78,2.26,1.96,1.32,1.15,1.58,7,24,1,4
Bruno Borges Fernandes,Man Utd,Midfielder,95,96.22,0.43,0.43,0.1,0.0,2.68,1.89,1.96,1.32,1.15,1.58,7,24,1,4
Matheus Santos Carneiro da Cunha,Man Utd,Midfielder,80,77.78,0.29,0.14,0.06,0.0,1.59,1.34,1.96,1.32,1.15,1.58,7,24,1,4
Amad Diallo,Man Utd,Midfielder,62,90.98,0.27,0.2,0.06,0.0,1.96,1.57,1.96,1.32,1.15,1.58,7,24,1,4
Carlos Henrique Casimiro,Man Utd,Midfielder,55,80.74,0.21,0.13,0.29,0.06,4.09,2.93,1.96,1.32,1.15,1.58,7,24,1,4
Benjamin Sesko,Man Utd,Forward,72,64.69,0.6,0.05,0.09,0.0,1.46,0.43,1.96,1.32,1.15,1.58,7,24,1,4
Senne Lammens,Man Utd,Goalkeeper,50,100.0,0.0,0.0,0.0,0.0,0.76,0.06,1.96,1.32,1.15,1.58,7,24,1,4
Nick Pope,Newcastle,Goalkeeper,51,99.48,0.0,0.0,0.06,0.0,1.6,0.06,1.64,1.17,1.73,1.34,6,24,0,9
Lewis Hall,Newcastle,Defender,53,76.88,0.07,0.14,0.08,0.0,5.38,2.49,1.64,1.17,1.73,1.34,6,24,0,9
Fabian Schär,Newcastle,Defender,53,76.11,0.08,0.01,0.08,0.0,8.35,1.16,1.64,1.17,1.73,1.34,6,24,0,9
Sven Botman,Newcastle,Defender,49,75.64,0.03,0.06,0.1,0.0,8.08,0.82,1.64,1.17,1.73,1.34,6,24,0,9
Dan Burn,Newcastle,Defender,50,94.07,0.01,0.02,0.21,0.07,7.31,1.36,1.64,1.17,1.73,1.34,6,24,0,9
Tino Livramento,Newcastle,Defender,49,89.23,0.01,0.05,0.09,0.0,3.35,1.63,1.64,1.17,1.73,1.34,6,24,0,9
Kieran Trippier,Newcastle,Defender,49,89.19,0.01,0.12,0.1,0.0,2.66,1.23,1.64,1.17,1.73,1.34,6,24,0,9
Anthony Gordon,Newcastle,Midfielder,73,73.7,0.42,0.26,0.15,0.08,0.88,0.96,1.64,1.17,1.73,1.34,6,24,0,9
Bruno Guimarães Rodriguez Moura,Newcastle,Midfielder,72,97.46,0.24,0.13,0.2,0.0,1.91,2.2,1.64,1.17,1.73,1.34,6,24,0,9
Jacob Murphy,Newcastle,Midfielder,59,63.58,0.25,0.31,0.0,0.0,0.9,0.63,1.64,1.17,1.73,1.34,6,24,0,9
Joelinton Cássio Apolinário de Lira,Newcastle,Midfielder,59,80.53,0.11,0.11,0.39,0.0,3.63,1.98,1.64,1.17,1.73,1.34,6,24,0,9
Sandro Tonali,Newcastle,Midfielder,53,78.45,0.06,0.1,0.17,0.0,2.74,1.37,1.64,1.17,1.73,1.34,6,24,0,9
Lewis Miley,Newcastle,Midfielder,45,64.91,0.11,0.14,0.0,0.0,3.34,1.91,1.64,1.17,1.73,1.34,6,24,0,9
Aaron Ramsdale,Newcastle,Goalkeeper,48,86.98,0.0,0.01,0.0,0.0,0.81,0.0,1.64,1.17,1.73,1.34,6,24,0,9
Malick Thiaw,Newcastle,Defender,51,93.0,0.14,0.04,0.16,0.0,8.21,1.24,1.64,1.17,1.73,1.34,6,24,0,9
Nick Woltemade,Newcastle,Forward,71,77.78,0.49,0.07,0.0,0.0,1.46,1.0,1.64,1.17,1.73,1.34,6,24,0,9
Oleksandr Zinchenko,"""Nottham Forest""",Defender,49,77.11,0.02,0.12,0.0,0.0,3.58,2.56,1.12,1.67,1.72,1.57,15,24,1,17
Matz Sels,"""Nottham Forest""",Goalkeeper,46,95.32,0.0,0.0,0.06,0.0,1.16,0.06,1.12,1.67,1.72,1.57,15,24,1,17
Nikola Milenković,"""Nottham Forest""",Defender,51,100.0,0.02,0.01,0.17,0.0,7.52,0.7,1.12,1.67,1.72,1.57,15,24,1,17
Murillo Costa dos Santos,"""Nottham Forest""",Defender,52,95.49,0.02,0.01,0.18,0.0,8.45,1.6,1.12,1.67,1.72,1.57,15,24,1,17
Ola Aina,"""Nottham Forest""",Defender,47,96.98,0.01,0.02,0.29,0.0,6.07,1.48,1.12,1.67,1.72,1.57,15,24,1,17
Neco Williams,"""Nottham Forest""",Defender,47,100.0,0.05,0.1,0.17,0.0,3.96,3.0,1.12,1.67,1.72,1.57,15,24,1,17
Jair Paula da Cunha Filho,"""Nottham Forest""",Defender,42,100.0,0.0,0.0,0.0,0.0,9.0,2.0,1.12,1.67,1.72,1.57,15,24,1,17
Felipe Rodrigues da Silva,"""Nottham Forest""",Defender,43,71.92,0.0,0.0,0.51,0.0,6.7,2.4,1.12,1.67,1.72,1.57,15,24,1,17
Morgan Gibbs-White,"""Nottham Forest""",Midfielder,73,96.14,0.27,0.1,0.0,0.0,1.61,0.55,1.12,1.67,1.72,1.57,15,24,1,17
Callum Hudson-Odoi,"""Nottham Forest""",Midfielder,57,68.36,0.14,0.17,0.0,0.0,1.18,0.83,1.12,1.67,1.72,1.57,15,24,1,17
Elliot Anderson,"""Nottham Forest""",Midfielder,53,100.0,0.08,0.07,0.17,0.0,2.7,2.61,1.12,1.67,1.72,1.57,15,24,1,17
Ibrahim Sangaré,"""Nottham Forest""",Midfielder,49,79.56,0.12,0.07,0.17,0.0,4.57,2.59,1.12,1.67,1.72,1.57,15,24,1,17
Chris Wood,"""Nottham Forest""",Forward,72,77.78,0.33,0.03,0.0,0.0,1.0,0.17,1.12,1.67,1.72,1.57,15,24,1,17
Igor Jesus Maciel da Cruz,"""Nottham Forest""",Forward,58,66.72,0.24,0.08,0.0,0.0,1.33,1.12,1.12,1.67,1.72,1.57,15,24,1,17
Dan Ndoye,"""Nottham Forest""",Midfielder,55,72.78,0.08,0.08,0.09,0.0,1.78,1.6,1.12,1.67,1.72,1.57,15,24,1,17
John Victor Maciel Furtado,"""Nottham Forest""",Goalkeeper,40,97.78,0.0,0.0,0.2,0.0,0.82,0.0,1.12,1.67,1.72,1.57,15,24,1,17
Nicolò Savona,"""Nottham Forest""",Defender,45,82.22,0.11,0.05,0.17,0.0,3.25,1.76,1.12,1.67,1.72,1.57,15,24,1,17
Daniel Ballard,Sunderland,Defender,46,81.81,0.21,0.07,0.19,0.0,9.38,1.54,1.02,1.63,0.96,2.24,19,24,1,10
Trai Hume,Sunderland,Defender,45,90.77,0.08,0.05,0.29,0.0,4.22,2.11,1.02,1.63,0.96,2.24,19,24,1,10
Reinildo Mandava,Sunderland,Defender,38,92.14,0.01,0.0,0.39,0.08,5.83,2.1,1.02,1.63,0.96,2.24,19,24,1,10
Jenson Seelt,Sunderland,Defender,40,75.0,0.0,0.0,0.0,0.0,5.41,2.71,1.02,1.63,0.96,2.24,19,24,1,10
Habib Diarra,Sunderland,Midfielder,53,77.22,0.13,0.01,0.43,0.0,1.95,0.87,1.02,1.63,0.96,2.24,19,24,1,10
Enzo Le Fée,Sunderland,Midfielder,49,89.9,0.18,0.11,0.25,0.0,2.21,2.51,1.02,1.63,0.96,2.24,19,24,1,10
Noah Sadiki,Sunderland,Midfielder,49,98.95,0.02,0.02,0.28,0.0,3.22,1.52,1.02,1.63,0.96,2.24,19,24,1,10
Chemsdine Talbi,Sunderland,Midfielder,49,60.2,0.12,0.03,0.0,0.0,1.17,0.68,1.02,1.63,0.96,2.24,19,24,1,10
Granit Xhaka,Sunderland,Midfielder,52,99.24,0.02,0.14,0.18,0.0,4.63,1.61,1.02,1.63,0.96,2.24,19,24,1,10
Robin Roefs,Sunderland,Goalkeeper,50,100.0,0.0,0.03,0.09,0.0,1.0,0.0,1.02,1.63,0.96,2.24,19,24,1,10
Omar Alderete,Sunderland,Defender,41,96.49,0.07,0.02,0.22,0.0,8.73,1.04,1.02,1.63,0.96,2.24,19,24,1,10
Nordi Mukiele,Sunderland,Defender,45,99.79,0.05,0.1,0.19,0.0,7.51,2.39,1.02,1.63,0.96,2.24,19,24,1,10
Lutsharel Geertruida,Sunderland,Defender,45,62.16,0.05,0.02,0.0,0.0,4.08,1.86,1.02,1.63,0.96,2.24,19,24,1,10
Bertrand Traoré,Sunderland,Midfielder,55,72.78,0.09,0.14,0.14,0.0,1.63,1.63,1.02,1.63,0.96,2.24,19,24,1,10
Guglielmo Vicario,Spurs,Goalkeeper,48,100.0,0.0,0.0,0.04,0.0,1.22,0.0,,,1.96,1.2,2,24,1,14
Pedro Porro Sauceda,Spurs,Defender,52,88.5,0.03,0.13,0.25,0.0,4.6,2.13,,,1.96,1.2,2,24,1,14
Cristian Romero,Spurs,Defender,50,95.67,0.1,0.09,0.44,0.06,6.87,2.86,,,1.96,1.2,2,24,1,14
Djed Spence,Spurs,Defender,43,84.83,0.06,0.1,0.18,0.0,3.05,1.61,,,1.96,1.2,2,24,1,14
Destiny Udogie,Spurs,Defender,43,64.85,0.01,0.08,0.14,0.0,2.49,1.8,,,1.96,1.2,2,24,1,14
Micky van de Ven,Spurs,Defender,46,99.65,0.1,0.04,0.27,0.0,5.35,1.14,,,1.96,1.2,2,24,1,14
Mohammed Kudus,Spurs,Midfielder,64,92.22,0.13,0.15,0.17,0.0,0.53,1.7,,,1.96,1.2,2,24,1,14
Rodrigo Bentancur,Spurs,Midfielder,53,80.0,0.05,0.05,0.31,0.0,4.41,2.37,,,1.96,1.2,2,24,1,14
Yves Bissouma,Spurs,Midfielder,52,64.44,0.12,0.0,0.0,0.0,6.64,4.43,,,1.96,1.2,2,24,1,14
Richarlison de Andrade,Spurs,Forward,63,66.24,0.39,0.16,0.29,0.0,3.24,1.06,,,1.96,1.2,2,24,1,14
João Maria Lobo Alves Palhares Costa Palhinha Gonçalves,Spurs,Midfielder,55,71.83,0.08,0.04,0.35,0.0,3.33,5.13,,,1.96,1.2,2,24,1,14
Xavi Simons,Spurs,Midfielder,65,73.73,0.09,0.19,0.16,0.08,1.15,1.96,,,1.96,1.2,2,24,1,14
Randal Kolo Muani,Spurs,Forward,69,71.04,0.17,0.07,0.19,0.0,1.07,1.37,,,1.96,1.2,2,24,1,14
Conor Gallagher,Spurs,Midfielder,55,98.33,0.32,0.05,0.0,0.0,1.55,1.55,,,1.96,1.2,2,24,1,14
Alphonse Areola,West Ham,Goalkeeper,43,100.0,0.0,0.0,0.0,0.0,1.37,0.0,1.23,1.96,1.94,1.52,5,24,0,18
El Hadji Malick Diouf,West Ham,Defender,40,91.18,0.03,0.04,0.19,0.0,6.01,1.34,1.23,1.96,1.94,1.52,5,24,0,18
Maximilian Kilman,West Ham,Defender,42,85.22,0.07,0.01,0.23,0.0,8.15,0.94,1.23,1.96,1.94,1.52,5,24,0,18
Konstantinos Mavropanos,West Ham,Defender,44,87.29,0.07,0.0,0.14,0.0,9.49,1.2,1.23,1.96,1.94,1.52,5,24,0,18
Nayef Aguerd,West Ham,Defender,44,100.0,0.04,0.0,0.0,0.0,7.0,0.5,1.23,1.96,1.94,1.52,5,24,0,18
Ollie Scarles,West Ham,Defender,43,79.38,0.03,0.09,0.0,0.0,5.48,3.89,1.23,1.96,1.94,1.52,5,24,0,18
Jean-Clair Todibo,West Ham,Defender,43,94.18,0.0,0.02,0.25,0.0,6.04,1.95,1.23,1.96,1.94,1.52,5,24,0,18
Aaron Wan-Bissaka,West Ham,Defender,41,95.16,0.0,0.06,0.15,0.0,6.57,1.36,1.23,1.96,1.94,1.52,5,24,0,18
Lucas Tolentino Coelho de Lima,West Ham,Midfielder,59,95.31,0.14,0.18,0.29,0.06,1.78,2.38,1.23,1.96,1.94,1.52,5,24,0,18
Crysencio Summerville,West Ham,Midfielder,55,83.33,0.19,0.08,0.2,0.0,1.98,1.5,1.23,1.96,1.94,1.52,5,24,0,18
Freddie Potts,West Ham,Midfielder,44,63.59,0.02,0.11,0.09,0.0,3.48,2.29,1.23,1.96,1.94,1.52,5,24,0,18
Jarrod Bowen,West Ham,Forward,76,100.0,0.29,0.1,0.13,0.0,1.48,1.26,1.23,1.96,1.94,1.52,5,24,0,18
Kyle Walker-Peters,West Ham,Defender,42,64.93,0.11,0.02,0.19,0.0,3.5,3.21,1.23,1.96,1.94,1.52,5,24,0,18
Mads Hermansen,West Ham,Goalkeeper,42,100.0,0.0,0.0,0.0,0.0,1.75,0.0,1.23,1.96,1.94,1.52,5,24,0,18
Mateus Gonçalo Espanha Fernandes,West Ham,Midfielder,55,89.79,0.04,0.07,0.11,0.0,2.8,3.12,1.23,1.96,1.94,1.52,5,24,0,18
Pablo Felipe Pereira de Jesus,West Ham,Forward,55,69.26,0.28,0.06,0.0,0.0,1.03,3.1,1.23,1.96,1.94,1.52,5,24,0,18
Valentín Castellanos,West Ham,Forward,55,95.56,0.71,0.08,0.7,0.0,1.42,0.71,1.23,1.96,1.94,1.52,5,24,0,18
Sam Johnstone,Wolves,Goalkeeper,44,100.0,0.0,0.0,0.0,0.0,2.0,0.17,0.88,1.56,1.75,1.43,13,24,1,20
José Malheiro de Sá,Wolves,Goalkeeper,42,100.0,0.0,0.01,0.09,0.0,1.82,0.0,0.88,1.56,1.75,1.43,13,24,1,20
Emmanuel Agbadou,Wolves,Defender,42,85.73,0.04,0.01,0.09,0.09,7.75,2.5,0.88,1.56,1.75,1.43,13,24,1,20
Matt Doherty,Wolves,Defender,44,85.97,0.01,0.03,0.58,0.0,5.11,1.95,0.88,1.56,1.75,1.43,13,24,1,20
Hugo Bueno López,Wolves,Defender,43,74.17,0.04,0.07,0.07,0.0,4.3,2.35,0.88,1.56,1.75,1.43,13,24,1,20
Yerson Mosquera Valdelamar,Wolves,Defender,43,84.37,0.11,0.06,0.68,0.0,6.45,2.75,0.88,1.56,1.75,1.43,13,24,1,20
Santiago Ignacio Bueno,Wolves,Defender,44,95.16,0.06,0.01,0.15,0.0,5.68,2.39,0.88,1.56,1.75,1.43,13,24,1,20
Toti Gomes,Wolves,Defender,42,83.16,0.0,0.01,0.18,0.09,6.64,1.33,0.88,1.56,1.75,1.43,13,24,1,20
Ki-Jana Hoever,Wolves,Defender,38,60.69,0.0,0.07,0.0,0.0,5.74,2.77,0.88,1.56,1.75,1.43,13,24,1,20
Hwang Hee-chan,Wolves,Midfielder,56,65.56,0.2,0.08,0.25,0.0,1.66,0.7,0.88,1.56,1.75,1.43,13,24,1,20
André Trindade da Costa Neto,Wolves,Midfielder,53,80.91,0.01,0.05,0.39,0.0,3.26,2.58,0.88,1.56,1.75,1.43,13,24,1,20
Marshall Munetsi,Wolves,Midfielder,53,73.76,0.19,0.04,0.21,0.0,4.03,2.17,0.88,1.56,1.75,1.43,13,24,1,20
Jørgen Strand Larsen,Wolves,Forward,61,73.54,0.2,0.03,0.13,0.0,2.02,0.39,0.88,1.56,1.75,1.43,13,24,1,20
Jackson Tchatchoua,Wolves,Defender,44,61.52,0.0,0.11,0.15,0.0,3.93,1.6,0.88,1.56,1.75,1.43,13,24,1,20
Ladislav Krejcí,Wolves,Defender,45,97.47,0.08,0.05,0.11,0.0,5.9,1.03,0.88,1.56,1.75,1.43,13,24,1,20
